Datetime,Frequency per Minute,Activity Level
2023-02-19 08:45:56,20,Low Activity
2023-02-19 08:46:56,50,Low Activity
2023-02-19 08:47:56,4,Low Activity
2023-02-19 08:48:56,18,Low Activity
2023-02-19 08:49:56,7,Low Activity
2023-02-19 08:50:56,13,Low Activity
2023-02-19 08:51:56,8,Low Activity
2023-02-19 08:52:56,17,Low Activity
2023-02-19 08:53:56,111,Low Activity
2023-02-19 08:54:56,21,Low Activity
2023-02-19 08:55:56,36,Low Activity
2023-02-19 08:56:56,28,Low Activity
2023-02-19 08:57:56,16,Low Activity
2023-02-19 08:58:56,31,Low Activity
2023-02-19 08:59:56,377,Low Activity
2023-02-19 09:00:56,40,Low Activity
2023-02-19 09:01:56,172,Low Activity
2023-02-19 09:02:56,112,Low Activity
2023-02-19 09:03:56,13,Low Activity
2023-02-19 09:04:56,9,Low Activity
2023-02-19 09:05:56,109,Low Activity
2023-02-19 09:06:56,157,Low Activity
2023-02-19 09:07:56,5,Low Activity
2023-02-19 09:08:56,5,Low Activity
2023-02-19 09:09:56,164,Low Activity
2023-02-19 09:10:56,84,Low Activity
2023-02-19 09:11:56,288,Low Activity
2023-02-19 09:12:56,131,Low Activity
2023-02-19 09:13:56,1014,High Activity
2023-02-19 09:14:56,1039,High Activity
2023-02-19 09:15:56,1047,High Activity
2023-02-19 09:16:56,1015,High Activity
2023-02-19 09:17:56,1104,High Activity
2023-02-19 09:18:56,1058,High Activity
2023-02-19 09:19:56,1047,High Activity
2023-02-19 09:20:56,1090,High Activity
2023-02-19 09:21:56,1113,High Activity
2023-02-19 09:22:56,1084,High Activity
2023-02-19 09:23:56,1093,High Activity
2023-02-19 09:24:56,1138,High Activity
2023-02-19 09:25:56,1204,High Activity
2023-02-19 09:26:56,1141,High Activity
2023-02-19 09:27:56,1117,High Activity
2023-02-19 09:28:56,1109,High Activity
2023-02-19 09:29:56,1103,High Activity
2023-02-19 09:30:56,901,Moderate Activity
2023-02-19 09:31:56,821,Moderate Activity
2023-02-19 09:32:56,1104,High Activity
2023-02-19 09:33:56,1054,High Activity
2023-02-19 09:34:56,1076,High Activity
2023-02-19 09:35:56,1032,High Activity
2023-02-19 09:36:56,1087,High Activity
2023-02-19 09:37:56,1064,High Activity
2023-02-19 09:38:56,995,Moderate Activity
2023-02-19 09:39:56,1030,High Activity
2023-02-19 09:40:56,1027,High Activity
2023-02-19 09:41:56,1047,High Activity
2023-02-19 09:42:56,1060,High Activity
2023-02-19 09:43:56,1049,High Activity
2023-02-19 09:44:56,1013,High Activity
2023-02-19 09:45:56,1076,High Activity
2023-02-19 09:46:56,1105,High Activity
2023-02-19 09:47:56,1097,High Activity
2023-02-19 09:48:56,1057,High Activity
2023-02-19 09:49:56,1005,High Activity
2023-02-19 09:50:56,1060,High Activity
2023-02-19 09:51:56,1043,High Activity
2023-02-19 09:52:56,1038,High Activity
2023-02-19 09:53:56,1076,High Activity
2023-02-19 09:54:56,1048,High Activity
2023-02-19 09:55:56,1076,High Activity
2023-02-19 09:56:56,1036,High Activity
2023-02-19 09:57:56,1171,High Activity
2023-02-19 09:58:56,1014,High Activity
2023-02-19 09:59:56,1069,High Activity
2023-02-19 10:00:56,809,Moderate Activity
2023-02-19 10:01:56,810,Moderate Activity
2023-02-19 10:02:56,728,Moderate Activity
2023-02-19 10:03:56,939,Moderate Activity
2023-02-19 10:04:56,863,Moderate Activity
2023-02-19 10:05:56,949,Moderate Activity
2023-02-19 10:06:56,244,Low Activity
2023-02-19 10:07:56,223,Low Activity
2023-02-19 10:08:56,456,Low Activity
2023-02-19 10:09:56,859,Moderate Activity
2023-02-19 10:10:56,951,Moderate Activity
2023-02-19 10:11:56,1082,High Activity
2023-02-19 10:12:56,1029,High Activity
2023-02-19 10:13:56,984,Moderate Activity
2023-02-19 10:14:56,988,Moderate Activity
2023-02-19 10:15:56,1096,High Activity
2023-02-19 10:16:56,908,Moderate Activity
2023-02-19 10:17:56,980,Moderate Activity
2023-02-19 10:18:56,1009,High Activity
2023-02-19 10:19:56,1084,High Activity
2023-02-19 10:20:56,831,Moderate Activity
2023-02-19 10:21:56,1087,High Activity
2023-02-19 10:22:56,447,Low Activity
2023-02-19 10:23:56,950,Moderate Activity
2023-02-19 10:24:56,956,Moderate Activity
2023-02-19 10:25:56,898,Moderate Activity
2023-02-19 10:26:56,922,Moderate Activity
2023-02-19 10:27:56,778,Moderate Activity
2023-02-19 10:28:56,999,Moderate Activity
2023-02-19 10:29:56,847,Moderate Activity
2023-02-19 10:30:56,837,Moderate Activity
2023-02-19 10:31:56,890,Moderate Activity
2023-02-19 10:32:56,916,Moderate Activity
2023-02-19 10:33:56,886,Moderate Activity
2023-02-19 10:34:56,974,Moderate Activity
2023-02-19 10:35:56,911,Moderate Activity
2023-02-19 10:36:56,888,Moderate Activity
2023-02-19 10:37:56,939,Moderate Activity
2023-02-19 10:38:56,1039,High Activity
2023-02-19 10:39:56,725,Moderate Activity
2023-02-19 10:40:56,1175,High Activity
2023-02-19 10:41:56,951,Moderate Activity
2023-02-19 10:42:56,605,Moderate Activity
2023-02-19 10:43:56,1189,High Activity
2023-02-19 10:44:56,1112,High Activity
2023-02-19 10:45:56,1120,High Activity
2023-02-19 10:46:56,1009,High Activity
2023-02-19 10:47:56,962,Moderate Activity
2023-02-19 10:48:56,1145,High Activity
2023-02-19 10:49:56,1067,High Activity
2023-02-19 10:50:56,1168,High Activity
2023-02-19 10:51:56,1087,High Activity
2023-02-19 10:52:56,1163,High Activity
2023-02-19 10:53:56,1039,High Activity
2023-02-19 10:54:56,999,Moderate Activity
2023-02-19 10:55:56,1068,High Activity
2023-02-19 10:56:56,1048,High Activity
2023-02-19 10:57:56,1042,High Activity
2023-02-19 10:58:56,1054,High Activity
2023-02-19 10:59:56,1021,High Activity
2023-02-19 11:00:56,1150,High Activity
2023-02-19 11:01:56,1017,High Activity
2023-02-19 11:02:56,1037,High Activity
2023-02-19 11:03:56,998,Moderate Activity
2023-02-19 11:04:56,978,Moderate Activity
2023-02-19 11:05:56,1096,High Activity
2023-02-19 11:06:56,973,Moderate Activity
2023-02-19 11:07:56,1019,High Activity
2023-02-19 11:08:56,966,Moderate Activity
2023-02-19 11:09:56,1099,High Activity
2023-02-19 11:10:56,533,Moderate Activity
2023-02-19 11:11:56,377,Low Activity
2023-02-19 11:12:56,431,Low Activity
2023-02-19 11:13:56,671,Moderate Activity
2023-02-19 11:14:56,580,Moderate Activity
2023-02-19 11:15:56,367,Low Activity
2023-02-19 11:16:56,403,Low Activity
2023-02-19 11:17:56,569,Moderate Activity
2023-02-19 11:18:56,605,Moderate Activity
2023-02-19 11:19:56,547,Moderate Activity
2023-02-19 11:20:56,411,Low Activity
2023-02-19 11:21:56,291,Low Activity
2023-02-19 11:22:56,349,Low Activity
2023-02-19 11:23:56,379,Low Activity
2023-02-19 11:24:56,221,Low Activity
2023-02-19 11:25:56,187,Low Activity
2023-02-19 11:26:56,262,Low Activity
2023-02-19 11:27:56,254,Low Activity
2023-02-19 11:28:56,302,Low Activity
2023-02-19 11:29:56,901,Moderate Activity
2023-02-19 11:30:56,580,Moderate Activity
2023-02-19 11:31:56,215,Low Activity
2023-02-19 11:32:56,522,Moderate Activity
2023-02-19 11:33:56,1076,High Activity
2023-02-19 11:34:56,911,Moderate Activity
2023-02-19 11:35:56,880,Moderate Activity
2023-02-19 11:36:56,827,Moderate Activity
2023-02-19 11:37:56,1043,High Activity
2023-02-19 11:38:56,777,Moderate Activity
2023-02-19 11:39:56,954,Moderate Activity
2023-02-19 11:40:56,938,Moderate Activity
2023-02-19 11:41:56,981,Moderate Activity
2023-02-19 11:42:56,945,Moderate Activity
2023-02-19 11:43:56,972,Moderate Activity
2023-02-19 11:44:56,385,Low Activity
2023-02-19 11:45:56,887,Moderate Activity
2023-02-19 11:46:56,919,Moderate Activity
2023-02-19 11:47:56,984,Moderate Activity
2023-02-19 11:48:56,897,Moderate Activity
2023-02-19 11:49:56,943,Moderate Activity
2023-02-19 11:50:56,938,Moderate Activity
2023-02-19 11:51:56,901,Moderate Activity
2023-02-19 11:52:56,979,Moderate Activity
2023-02-19 11:53:56,889,Moderate Activity
2023-02-19 11:54:56,746,Moderate Activity
2023-02-19 11:55:56,945,Moderate Activity
2023-02-19 11:56:56,986,Moderate Activity
2023-02-19 11:57:56,528,Moderate Activity
2023-02-19 11:58:56,176,Low Activity
2023-02-19 11:59:56,23,Low Activity
2023-02-19 12:00:56,255,Low Activity
2023-02-19 12:01:56,99,Low Activity
2023-02-19 12:02:56,78,Low Activity
2023-02-19 12:03:56,337,Low Activity
2023-02-19 12:04:56,691,Moderate Activity
2023-02-19 12:05:56,736,Moderate Activity
2023-02-19 12:06:56,587,Moderate Activity
2023-02-19 12:07:56,586,Moderate Activity
2023-02-19 12:08:56,638,Moderate Activity
2023-02-19 12:09:56,938,Moderate Activity
2023-02-19 12:10:56,430,Low Activity
2023-02-19 12:11:56,1034,High Activity
2023-02-19 12:12:56,880,Moderate Activity
2023-02-19 12:13:56,1183,High Activity
2023-02-19 12:14:56,1071,High Activity
2023-02-19 12:15:56,1093,High Activity
2023-02-19 12:16:56,1101,High Activity
2023-02-19 12:17:56,1071,High Activity
2023-02-19 12:18:56,998,Moderate Activity
2023-02-19 12:19:56,1017,High Activity
2023-02-19 12:20:56,998,Moderate Activity
2023-02-19 12:21:56,1137,High Activity
2023-02-19 12:22:56,1092,High Activity
2023-02-19 12:23:56,1081,High Activity
2023-02-19 12:24:56,1028,High Activity
2023-02-19 12:25:56,1049,High Activity
2023-02-19 12:26:56,1088,High Activity
2023-02-19 12:27:56,1113,High Activity
2023-02-19 12:28:56,1050,High Activity
2023-02-19 12:29:56,1136,High Activity
2023-02-19 12:30:56,1165,High Activity
2023-02-19 12:31:56,1032,High Activity
2023-02-19 12:32:56,1059,High Activity
2023-02-19 12:33:56,967,Moderate Activity
2023-02-19 12:34:56,945,Moderate Activity
2023-02-19 12:35:56,1135,High Activity
2023-02-19 12:36:56,977,Moderate Activity
2023-02-19 12:37:56,1048,High Activity
2023-02-19 12:38:56,925,Moderate Activity
2023-02-19 12:39:56,1004,High Activity
2023-02-19 12:40:56,553,Moderate Activity
2023-02-19 12:41:56,818,Moderate Activity
2023-02-19 12:42:56,579,Moderate Activity
2023-02-19 12:43:56,501,Moderate Activity
2023-02-19 12:44:56,353,Low Activity
2023-02-19 12:45:56,592,Moderate Activity
2023-02-19 12:46:56,364,Low Activity
2023-02-19 12:47:56,310,Low Activity
2023-02-19 12:48:56,157,Low Activity
2023-02-19 12:49:56,200,Low Activity
2023-02-19 12:50:56,379,Low Activity
2023-02-19 12:51:56,245,Low Activity
2023-02-19 12:52:56,490,Low Activity
2023-02-19 12:53:56,377,Low Activity
2023-02-19 12:54:56,509,Moderate Activity
2023-02-19 12:55:56,466,Low Activity
2023-02-19 12:56:56,602,Moderate Activity
2023-02-19 12:57:56,550,Moderate Activity
2023-02-19 12:58:56,466,Low Activity
2023-02-19 12:59:56,469,Low Activity
2023-02-19 13:00:56,620,Moderate Activity
2023-02-19 13:01:56,1017,High Activity
2023-02-19 13:02:56,737,Moderate Activity
2023-02-19 13:03:56,604,Moderate Activity
2023-02-19 13:04:56,252,Low Activity
2023-02-19 13:05:56,769,Moderate Activity
2023-02-19 13:06:56,1210,High Activity
2023-02-19 13:07:56,1208,High Activity
2023-02-19 13:08:56,1092,High Activity
2023-02-19 13:09:56,455,Low Activity
2023-02-19 13:10:56,335,Low Activity
2023-02-19 13:11:56,86,Low Activity
2023-02-19 13:12:56,422,Low Activity
2023-02-19 13:13:56,313,Low Activity
2023-02-19 13:14:56,136,Low Activity
2023-02-19 13:15:56,267,Low Activity
2023-02-19 13:16:56,225,Low Activity
2023-02-19 13:17:56,222,Low Activity
2023-02-19 13:18:56,155,Low Activity
2023-02-19 13:19:56,239,Low Activity
2023-02-19 13:20:56,472,Low Activity
2023-02-19 13:21:56,329,Low Activity
2023-02-19 13:22:56,136,Low Activity
2023-02-19 13:23:56,102,Low Activity
2023-02-19 13:24:56,236,Low Activity
2023-02-19 13:25:56,107,Low Activity
2023-02-19 13:26:56,169,Low Activity
2023-02-19 13:27:56,300,Low Activity
2023-02-19 13:28:56,198,Low Activity
2023-02-19 13:29:56,230,Low Activity
2023-02-19 13:30:56,130,Low Activity
2023-02-19 13:31:56,203,Low Activity
2023-02-19 13:32:56,204,Low Activity
2023-02-19 13:33:56,124,Low Activity
2023-02-19 13:34:56,392,Low Activity
2023-02-19 13:35:56,335,Low Activity
2023-02-19 13:36:56,330,Low Activity
2023-02-19 13:37:56,666,Moderate Activity
2023-02-19 13:38:56,430,Low Activity
2023-02-19 13:39:56,298,Low Activity
2023-02-19 13:40:56,439,Low Activity
2023-02-19 13:41:56,425,Low Activity
2023-02-19 13:42:56,418,Low Activity
2023-02-19 13:43:56,479,Low Activity
2023-02-19 13:44:56,599,Moderate Activity
2023-02-19 13:45:56,539,Moderate Activity
2023-02-19 13:46:56,536,Moderate Activity
2023-02-19 13:47:56,712,Moderate Activity
2023-02-19 13:48:56,974,Moderate Activity
2023-02-19 13:49:56,567,Moderate Activity
2023-02-19 13:50:56,456,Low Activity
2023-02-19 13:51:56,467,Low Activity
2023-02-19 13:52:56,394,Low Activity
2023-02-19 13:53:56,312,Low Activity
2023-02-19 13:54:56,199,Low Activity
2023-02-19 13:55:56,268,Low Activity
2023-02-19 13:56:56,466,Low Activity
2023-02-19 13:57:56,652,Moderate Activity
2023-02-19 13:58:56,974,Moderate Activity
2023-02-19 13:59:56,943,Moderate Activity
2023-02-19 14:00:56,1057,High Activity
2023-02-19 14:01:56,1126,High Activity
2023-02-19 14:02:56,1011,High Activity
2023-02-19 14:03:56,974,Moderate Activity
2023-02-19 14:04:56,1071,High Activity
2023-02-19 14:05:56,944,Moderate Activity
2023-02-19 14:06:56,987,Moderate Activity
2023-02-19 14:07:56,1005,High Activity
2023-02-19 14:08:56,1172,High Activity
2023-02-19 14:09:56,1002,High Activity
2023-02-19 14:10:56,1064,High Activity
2023-02-19 14:11:56,1035,High Activity
2023-02-19 14:12:56,1027,High Activity
2023-02-19 14:13:56,1070,High Activity
2023-02-19 14:14:56,996,Moderate Activity
2023-02-19 14:15:56,964,Moderate Activity
2023-02-19 14:16:56,989,Moderate Activity
2023-02-19 14:17:56,1137,High Activity
2023-02-19 14:18:56,1026,High Activity
2023-02-19 14:19:56,1035,High Activity
2023-02-19 14:20:56,1002,High Activity
2023-02-19 14:21:56,993,Moderate Activity
2023-02-19 14:22:56,1117,High Activity
2023-02-19 14:23:56,1002,High Activity
2023-02-19 14:24:56,732,Moderate Activity
2023-02-19 14:25:56,898,Moderate Activity
2023-02-19 14:26:56,888,Moderate Activity
2023-02-19 14:27:56,745,Moderate Activity
2023-02-19 14:28:56,845,Moderate Activity
2023-02-19 14:29:56,747,Moderate Activity
2023-02-19 14:30:56,969,Moderate Activity
2023-02-19 14:31:56,1019,High Activity
2023-02-19 14:32:56,709,Moderate Activity
2023-02-19 14:33:56,635,Moderate Activity
2023-02-19 14:34:56,644,Moderate Activity
2023-02-19 14:35:56,475,Low Activity
2023-02-19 14:36:56,984,Moderate Activity
2023-02-19 14:37:56,892,Moderate Activity
2023-02-19 14:38:56,911,Moderate Activity
2023-02-19 14:39:56,1102,High Activity
2023-02-19 14:40:56,876,Moderate Activity
2023-02-19 14:41:56,772,Moderate Activity
2023-02-19 14:42:56,113,Low Activity
2023-02-19 14:43:56,160,Low Activity
2023-02-19 14:44:56,62,Low Activity
2023-02-19 14:45:56,189,Low Activity
2023-02-19 14:46:56,468,Low Activity
2023-02-19 14:47:56,235,Low Activity
2023-02-19 14:48:56,291,Low Activity
2023-02-19 14:49:56,280,Low Activity
2023-02-19 14:50:56,397,Low Activity
2023-02-19 14:51:56,198,Low Activity
2023-02-19 14:52:56,123,Low Activity
2023-02-19 14:53:56,168,Low Activity
2023-02-19 14:54:56,421,Low Activity
2023-02-19 14:55:56,442,Low Activity
2023-02-19 14:56:56,393,Low Activity
2023-02-19 14:57:56,172,Low Activity
2023-02-19 14:58:56,218,Low Activity
2023-02-19 14:59:56,325,Low Activity
2023-02-19 15:00:56,455,Low Activity
2023-02-19 15:01:56,489,Low Activity
2023-02-19 15:02:56,531,Moderate Activity
2023-02-19 15:03:56,370,Low Activity
2023-02-19 15:04:56,1021,High Activity
2023-02-19 15:05:56,786,Moderate Activity
2023-02-19 15:06:56,537,Moderate Activity
2023-02-19 15:07:56,676,Moderate Activity
2023-02-19 15:08:56,698,Moderate Activity
2023-02-19 15:09:56,871,Moderate Activity
2023-02-19 15:10:56,933,Moderate Activity
2023-02-19 15:11:56,186,Low Activity
2023-02-19 15:12:56,109,Low Activity
2023-02-19 15:13:56,193,Low Activity
2023-02-19 15:14:56,304,Low Activity
2023-02-19 15:15:56,172,Low Activity
2023-02-19 15:16:56,110,Low Activity
2023-02-19 15:17:56,198,Low Activity
2023-02-19 15:18:56,178,Low Activity
2023-02-19 15:19:56,111,Low Activity
2023-02-19 15:20:56,183,Low Activity
2023-02-19 15:21:56,267,Low Activity
2023-02-19 15:22:56,190,Low Activity
2023-02-19 15:23:56,434,Low Activity
2023-02-19 15:24:56,1366,High Activity
2023-02-19 15:25:56,277,Low Activity
2023-02-19 15:26:56,498,Low Activity
2023-02-19 15:27:56,590,Moderate Activity
2023-02-19 15:28:56,690,Moderate Activity
2023-02-19 15:29:56,794,Moderate Activity
2023-02-19 15:30:56,1368,High Activity
2023-02-19 15:31:56,1380,High Activity
2023-02-19 15:32:56,1381,High Activity
2023-02-19 15:33:56,1289,High Activity
2023-02-19 15:34:56,884,Moderate Activity
2023-02-19 15:35:56,845,Moderate Activity
2023-02-19 15:36:56,1332,High Activity
2023-02-19 15:37:56,1344,High Activity
2023-02-19 15:38:56,1327,High Activity
2023-02-19 15:39:56,1339,High Activity
2023-02-19 15:40:56,1351,High Activity
2023-02-19 15:41:56,1332,High Activity
2023-02-19 15:42:56,1270,High Activity
2023-02-19 15:43:56,1156,High Activity
2023-02-19 15:44:56,1342,High Activity
2023-02-19 15:45:56,1331,High Activity
2023-02-19 15:46:56,1250,High Activity
2023-02-19 15:47:56,1317,High Activity
2023-02-19 15:48:56,1362,High Activity
2023-02-19 15:49:56,1374,High Activity
2023-02-19 15:50:56,1359,High Activity
2023-02-19 15:51:56,1364,High Activity
2023-02-19 15:52:56,1391,High Activity
2023-02-19 15:53:56,1347,High Activity
2023-02-19 15:54:56,1367,High Activity
2023-02-19 15:55:56,1328,High Activity
2023-02-19 15:56:56,1388,High Activity
2023-02-19 15:57:56,1346,High Activity
2023-02-19 15:58:56,1319,High Activity
2023-02-19 15:59:56,1358,High Activity
2023-02-19 16:00:56,1380,High Activity
2023-02-19 16:01:56,1374,High Activity
2023-02-19 16:02:56,1369,High Activity
2023-02-19 16:03:56,1385,High Activity
2023-02-19 16:04:56,1385,High Activity
2023-02-19 16:05:56,1381,High Activity
2023-02-19 16:06:56,1335,High Activity
2023-02-19 16:07:56,1259,High Activity
2023-02-19 16:08:56,1351,High Activity
2023-02-19 16:09:56,1385,High Activity
2023-02-19 16:10:56,1341,High Activity
2023-02-19 16:11:56,1240,High Activity
2023-02-19 16:12:56,1049,High Activity
2023-02-19 16:13:56,1090,High Activity
2023-02-19 16:14:56,1044,High Activity
2023-02-19 16:15:56,1030,High Activity
2023-02-19 16:16:56,936,Moderate Activity
2023-02-19 16:17:56,992,Moderate Activity
2023-02-19 16:18:56,881,Moderate Activity
2023-02-19 16:19:56,832,Moderate Activity
2023-02-19 16:20:56,800,Moderate Activity
2023-02-19 16:21:56,715,Moderate Activity
2023-02-19 16:22:56,645,Moderate Activity
2023-02-19 16:23:56,610,Moderate Activity
2023-02-19 16:24:56,613,Moderate Activity
2023-02-19 16:25:56,509,Moderate Activity
2023-02-19 16:26:56,755,Moderate Activity
2023-02-19 16:27:56,1247,High Activity
2023-02-19 16:28:56,1272,High Activity
2023-02-19 16:29:56,1238,High Activity
2023-02-19 16:30:56,1338,High Activity
2023-02-19 16:31:56,1251,High Activity
2023-02-19 16:32:56,1367,High Activity
2023-02-19 16:33:56,1336,High Activity
2023-02-19 16:34:56,1138,High Activity
2023-02-19 16:35:56,1328,High Activity
2023-02-19 16:36:56,1216,High Activity
2023-02-19 16:37:56,1142,High Activity
2023-02-19 16:38:56,1318,High Activity
2023-02-19 16:39:56,1321,High Activity
2023-02-19 16:40:56,705,Moderate Activity
2023-02-19 16:41:56,1249,High Activity
2023-02-19 16:42:56,1103,High Activity
2023-02-19 16:43:56,918,Moderate Activity
2023-02-19 16:44:56,1026,High Activity
2023-02-19 16:45:56,1360,High Activity
2023-02-19 16:46:56,1351,High Activity
2023-02-19 16:47:56,1363,High Activity
2023-02-19 16:48:56,1361,High Activity
2023-02-19 16:49:56,1351,High Activity
2023-02-19 16:50:56,1358,High Activity
2023-02-19 16:51:56,1163,High Activity
2023-02-19 16:52:56,1361,High Activity
2023-02-19 16:53:56,1359,High Activity
2023-02-19 16:54:56,1374,High Activity
2023-02-19 16:55:56,1368,High Activity
2023-02-19 16:56:56,1378,High Activity
2023-02-19 16:57:56,1363,High Activity
2023-02-19 16:58:56,1282,High Activity
2023-02-19 16:59:56,1006,High Activity
2023-02-19 17:00:56,1055,High Activity
2023-02-19 17:01:56,934,Moderate Activity
2023-02-19 17:02:56,826,Moderate Activity
2023-02-19 17:03:56,800,Moderate Activity
2023-02-19 17:04:56,565,Moderate Activity
2023-02-19 17:05:56,662,Moderate Activity
2023-02-19 17:06:56,608,Moderate Activity
2023-02-19 17:07:56,581,Moderate Activity
2023-02-19 17:08:56,625,Moderate Activity
2023-02-19 17:09:56,644,Moderate Activity
2023-02-19 17:10:56,740,Moderate Activity
2023-02-19 17:11:56,1195,High Activity
2023-02-19 17:12:56,1157,High Activity
2023-02-19 17:13:56,1176,High Activity
2023-02-19 17:14:56,1172,High Activity
2023-02-19 17:15:56,1160,High Activity
2023-02-19 17:16:56,1174,High Activity
2023-02-19 17:17:56,1168,High Activity
2023-02-19 17:18:56,1158,High Activity
2023-02-19 17:19:56,1054,High Activity
2023-02-19 17:20:56,1086,High Activity
2023-02-19 17:21:56,1105,High Activity
2023-02-19 17:22:56,1019,High Activity
2023-02-19 17:23:56,1063,High Activity
2023-02-19 17:24:56,1174,High Activity
2023-02-19 17:25:56,994,Moderate Activity
2023-02-19 17:26:56,1064,High Activity
2023-02-19 17:27:56,1028,High Activity
2023-02-19 17:28:56,1033,High Activity
2023-02-19 17:29:56,1106,High Activity
2023-02-19 17:30:56,1119,High Activity
2023-02-19 17:31:56,1031,High Activity
2023-02-19 17:32:56,1148,High Activity
2023-02-19 17:33:56,1105,High Activity
2023-02-19 17:34:56,1052,High Activity
2023-02-19 17:35:56,1079,High Activity
2023-02-19 17:36:56,1018,High Activity
2023-02-19 17:37:56,1050,High Activity
2023-02-19 17:38:56,1063,High Activity
2023-02-19 17:39:56,1181,High Activity
2023-02-19 17:40:56,1321,High Activity
2023-02-19 17:41:56,1361,High Activity
2023-02-19 17:42:56,1359,High Activity
2023-02-19 17:43:56,1354,High Activity
2023-02-19 17:44:56,1367,High Activity
2023-02-19 17:45:56,1367,High Activity
2023-02-19 17:46:56,1366,High Activity
2023-02-19 17:47:56,1370,High Activity
2023-02-19 17:48:56,1366,High Activity
2023-02-19 17:49:56,1366,High Activity
2023-02-19 17:50:56,1357,High Activity
2023-02-19 17:51:56,1371,High Activity
2023-02-19 17:52:56,1359,High Activity
2023-02-19 17:53:56,1358,High Activity
2023-02-19 17:54:56,1373,High Activity
2023-02-19 17:55:56,1375,High Activity
2023-02-19 17:56:56,1374,High Activity
2023-02-19 17:57:56,1360,High Activity
2023-02-19 17:58:56,1370,High Activity
2023-02-19 17:59:56,1370,High Activity
2023-02-19 18:00:56,1355,High Activity
2023-02-19 18:01:56,1088,High Activity
2023-02-19 18:02:56,1319,High Activity
2023-02-19 18:03:56,1373,High Activity
2023-02-19 18:04:56,1370,High Activity
2023-02-19 18:05:56,1364,High Activity
2023-02-19 18:06:56,1336,High Activity
2023-02-19 18:07:56,1346,High Activity
2023-02-19 18:08:56,1363,High Activity
2023-02-19 18:09:56,1345,High Activity
2023-02-19 18:10:56,1350,High Activity
2023-02-19 18:11:56,1326,High Activity
2023-02-19 18:12:56,1212,High Activity
2023-02-19 18:13:56,1343,High Activity
2023-02-19 18:14:56,1364,High Activity
2023-02-19 18:15:56,1348,High Activity
2023-02-19 18:16:56,1360,High Activity
2023-02-19 18:17:56,1362,High Activity
2023-02-19 18:18:56,1293,High Activity
2023-02-19 18:19:56,1344,High Activity
2023-02-19 18:20:56,1343,High Activity
2023-02-19 18:21:56,1367,High Activity
2023-02-19 18:22:56,1364,High Activity
2023-02-19 18:23:56,1366,High Activity
2023-02-19 18:24:56,1358,High Activity
2023-02-19 18:25:56,1353,High Activity
2023-02-19 18:26:56,1363,High Activity
2023-02-19 18:27:56,1364,High Activity
2023-02-19 18:28:56,1361,High Activity
2023-02-19 18:29:56,1358,High Activity
2023-02-19 18:30:56,1355,High Activity
2023-02-19 18:31:56,1346,High Activity
2023-02-19 18:32:56,1352,High Activity
2023-02-19 18:33:56,1360,High Activity
2023-02-19 18:34:56,1362,High Activity
2023-02-19 18:35:56,1360,High Activity
2023-02-19 18:36:56,1355,High Activity
2023-02-19 18:37:56,1353,High Activity
2023-02-19 18:38:56,1358,High Activity
2023-02-19 18:39:56,1349,High Activity
2023-02-19 18:40:56,1355,High Activity
2023-02-19 18:41:56,1338,High Activity
2023-02-19 18:42:56,1360,High Activity
2023-02-19 18:43:56,1351,High Activity
2023-02-19 18:44:56,1360,High Activity
2023-02-19 18:45:56,1362,High Activity
2023-02-19 18:46:56,1359,High Activity
2023-02-19 18:47:56,1358,High Activity
2023-02-19 18:48:56,1147,High Activity
2023-02-19 18:49:56,1357,High Activity
2023-02-19 18:50:56,1327,High Activity
2023-02-19 18:51:56,1356,High Activity
2023-02-19 18:52:56,1360,High Activity
2023-02-19 18:53:56,1356,High Activity
2023-02-19 18:54:56,1355,High Activity
2023-02-19 18:55:56,1358,High Activity
2023-02-19 18:56:56,1357,High Activity
2023-02-19 18:57:56,1360,High Activity
2023-02-19 18:58:56,1350,High Activity
2023-02-19 18:59:56,1347,High Activity
2023-02-19 19:00:56,1353,High Activity
2023-02-19 19:01:56,1355,High Activity
2023-02-19 19:02:56,1354,High Activity
2023-02-19 19:03:56,1340,High Activity
2023-02-19 19:04:56,231,Low Activity
2023-02-19 19:05:56,380,Low Activity
2023-02-19 19:06:56,147,Low Activity
2023-02-19 19:07:56,250,Low Activity
2023-02-19 19:08:56,205,Low Activity
2023-02-19 19:09:56,428,Low Activity
2023-02-19 19:10:56,264,Low Activity
2023-02-19 19:11:56,347,Low Activity
2023-02-19 19:12:56,524,Moderate Activity
2023-02-19 19:13:56,1089,High Activity
2023-02-19 19:14:56,1350,High Activity
2023-02-19 19:15:56,1337,High Activity
2023-02-19 19:16:56,1357,High Activity
2023-02-19 19:17:56,1353,High Activity
2023-02-19 19:18:56,1350,High Activity
2023-02-19 19:19:56,1349,High Activity
2023-02-19 19:20:56,1350,High Activity
2023-02-19 19:21:56,1328,High Activity
2023-02-19 19:22:56,1353,High Activity
2023-02-19 19:23:56,1349,High Activity
2023-02-19 19:24:56,1355,High Activity
2023-02-19 19:25:56,1349,High Activity
2023-02-19 19:26:56,1354,High Activity
2023-02-19 19:27:56,1350,High Activity
2023-02-19 19:28:56,1354,High Activity
2023-02-19 19:29:56,1352,High Activity
2023-02-19 19:30:56,1347,High Activity
2023-02-19 19:31:56,1348,High Activity
2023-02-19 19:32:56,1350,High Activity
2023-02-19 19:33:56,1277,High Activity
2023-02-19 19:34:56,1348,High Activity
2023-02-19 19:35:56,1346,High Activity
2023-02-19 19:36:56,1346,High Activity
2023-02-19 19:37:56,1348,High Activity
2023-02-19 19:38:56,1344,High Activity
2023-02-19 19:39:56,1352,High Activity
2023-02-19 19:40:56,1349,High Activity
2023-02-19 19:41:56,1344,High Activity
2023-02-19 19:42:56,1349,High Activity
2023-02-19 19:43:56,1347,High Activity
2023-02-19 19:44:56,1345,High Activity
2023-02-19 19:45:56,1336,High Activity
2023-02-19 19:46:56,1342,High Activity
2023-02-19 19:47:56,1343,High Activity
2023-02-19 19:48:56,1331,High Activity
2023-02-19 19:49:56,1324,High Activity
2023-02-19 19:50:56,1329,High Activity
2023-02-19 19:51:56,1331,High Activity
2023-02-19 19:52:56,1338,High Activity
2023-02-19 19:53:56,1347,High Activity
2023-02-19 19:54:56,1339,High Activity
2023-02-19 19:55:56,341,Low Activity
2023-02-19 19:56:56,41,Low Activity
2023-02-19 19:57:56,45,Low Activity
2023-02-19 19:58:56,59,Low Activity
2023-02-19 19:59:56,28,Low Activity
2023-02-19 20:00:56,45,Low Activity
2023-02-19 20:01:56,18,Low Activity
2023-02-19 20:02:56,20,Low Activity
2023-02-19 20:03:56,29,Low Activity
2023-02-19 20:04:56,25,Low Activity
2023-02-19 20:05:56,33,Low Activity
2023-02-19 20:06:56,64,Low Activity
2023-02-19 20:07:56,22,Low Activity
2023-02-19 20:08:56,13,Low Activity
2023-02-19 20:09:56,36,Low Activity
2023-02-19 20:10:56,358,Low Activity
2023-02-19 20:11:56,951,Moderate Activity
2023-02-19 20:12:56,908,Moderate Activity
2023-02-19 20:13:56,994,Moderate Activity
2023-02-19 20:14:56,1109,High Activity
2023-02-19 20:15:56,1078,High Activity
2023-02-19 20:16:56,1028,High Activity
2023-02-19 20:17:56,1007,High Activity
2023-02-19 20:18:56,1099,High Activity
2023-02-19 20:19:56,1179,High Activity
2023-02-19 20:20:56,1119,High Activity
2023-02-19 20:21:56,1138,High Activity
2023-02-19 20:22:56,1333,High Activity
2023-02-19 20:23:56,1333,High Activity
2023-02-19 20:24:56,1338,High Activity
2023-02-19 20:25:56,1342,High Activity
2023-02-19 20:26:56,1340,High Activity
2023-02-19 20:27:56,1344,High Activity
2023-02-19 20:28:56,1330,High Activity
2023-02-19 20:29:56,1332,High Activity
2023-02-19 20:30:56,1340,High Activity
2023-02-19 20:31:56,1333,High Activity
2023-02-19 20:32:56,1344,High Activity
2023-02-19 20:33:56,1343,High Activity
2023-02-19 20:34:56,1337,High Activity
2023-02-19 20:35:56,1338,High Activity
2023-02-19 20:36:56,1319,High Activity
2023-02-19 20:37:56,1310,High Activity
2023-02-19 20:38:56,1335,High Activity
2023-02-19 20:39:56,1346,High Activity
2023-02-19 20:40:56,122,Low Activity
2023-02-19 20:41:56,139,Low Activity
2023-02-19 20:42:56,49,Low Activity
2023-02-19 20:43:56,915,Moderate Activity
2023-02-19 20:44:56,1343,High Activity
2023-02-19 20:45:56,1343,High Activity
2023-02-19 20:46:56,1338,High Activity
2023-02-19 20:47:56,1336,High Activity
2023-02-19 20:48:56,1262,High Activity
2023-02-19 20:49:56,858,Moderate Activity
2023-02-19 20:50:56,724,Moderate Activity
2023-02-19 20:51:56,238,Low Activity
2023-02-19 20:52:56,357,Low Activity
2023-02-19 20:53:56,883,Moderate Activity
2023-02-19 20:54:56,690,Moderate Activity
2023-02-19 20:55:56,932,Moderate Activity
2023-02-19 20:56:56,937,Moderate Activity
2023-02-19 20:57:56,1002,High Activity
2023-02-19 20:58:56,884,Moderate Activity
2023-02-19 20:59:56,996,Moderate Activity
2023-02-19 21:00:56,989,Moderate Activity
2023-02-19 21:01:56,1006,High Activity
2023-02-19 21:02:56,242,Low Activity
2023-02-19 21:03:56,513,Moderate Activity
2023-02-19 21:04:56,992,Moderate Activity
2023-02-19 21:05:56,941,Moderate Activity
2023-02-19 21:06:56,915,Moderate Activity
2023-02-19 21:07:56,956,Moderate Activity
2023-02-19 21:08:56,900,Moderate Activity
2023-02-19 21:09:56,999,Moderate Activity
2023-02-19 21:10:56,959,Moderate Activity
2023-02-19 21:11:56,973,Moderate Activity
2023-02-19 21:12:56,452,Low Activity
2023-02-19 21:13:56,847,Moderate Activity
2023-02-19 21:14:56,942,Moderate Activity
2023-02-19 21:15:56,978,Moderate Activity
2023-02-19 21:16:56,962,Moderate Activity
2023-02-19 21:17:56,984,Moderate Activity
2023-02-19 21:18:56,944,Moderate Activity
2023-02-19 21:19:56,957,Moderate Activity
2023-02-19 21:20:56,963,Moderate Activity
2023-02-19 21:21:56,947,Moderate Activity
2023-02-19 21:22:56,937,Moderate Activity
2023-02-19 21:23:56,854,Moderate Activity
2023-02-19 21:24:56,1010,High Activity
2023-02-19 21:25:56,935,Moderate Activity
2023-02-19 21:26:56,959,Moderate Activity
2023-02-19 21:27:56,935,Moderate Activity
2023-02-19 21:28:56,911,Moderate Activity
2023-02-19 21:29:56,929,Moderate Activity
2023-02-19 21:30:56,955,Moderate Activity
2023-02-19 21:31:56,947,Moderate Activity
2023-02-19 21:32:56,976,Moderate Activity
2023-02-19 21:33:56,981,Moderate Activity
2023-02-19 21:34:56,907,Moderate Activity
2023-02-19 21:35:56,879,Moderate Activity
2023-02-19 21:36:56,934,Moderate Activity
2023-02-19 21:37:56,903,Moderate Activity
2023-02-19 21:38:56,710,Moderate Activity
2023-02-19 21:39:56,465,Low Activity
2023-02-19 21:40:56,18,Low Activity
2023-02-19 21:41:56,28,Low Activity
2023-02-19 21:42:56,11,Low Activity
2023-02-19 21:43:56,10,Low Activity
2023-02-19 21:44:56,13,Low Activity
2023-02-19 21:45:56,67,Low Activity
2023-02-19 21:46:56,62,Low Activity
2023-02-19 21:47:56,153,Low Activity
2023-02-19 21:48:56,96,Low Activity
2023-02-19 21:49:56,44,Low Activity
2023-02-19 21:50:56,12,Low Activity
2023-02-19 21:51:56,24,Low Activity
2023-02-19 21:52:56,26,Low Activity
2023-02-19 21:53:56,24,Low Activity
2023-02-19 21:54:56,15,Low Activity
2023-02-19 21:55:56,415,Low Activity
2023-02-19 21:56:56,696,Moderate Activity
2023-02-19 21:57:56,825,Moderate Activity
2023-02-19 21:58:56,867,Moderate Activity
2023-02-19 21:59:56,979,Moderate Activity
2023-02-19 22:00:56,980,Moderate Activity
2023-02-19 22:01:56,1073,High Activity
2023-02-19 22:02:56,1088,High Activity
2023-02-19 22:03:56,971,Moderate Activity
2023-02-19 22:04:56,1075,High Activity
2023-02-19 22:05:56,1051,High Activity
2023-02-19 22:06:56,1102,High Activity
2023-02-19 22:07:56,1044,High Activity
2023-02-19 22:08:56,1060,High Activity
2023-02-19 22:09:56,1031,High Activity
2023-02-19 22:10:56,1030,High Activity
2023-02-19 22:11:56,1058,High Activity
2023-02-19 22:12:56,1033,High Activity
2023-02-19 22:13:56,1043,High Activity
2023-02-19 22:14:56,1039,High Activity
2023-02-19 22:15:56,979,Moderate Activity
2023-02-19 22:16:56,1040,High Activity
2023-02-19 22:17:56,1032,High Activity
2023-02-19 22:18:56,1082,High Activity
2023-02-19 22:19:56,1032,High Activity
2023-02-19 22:20:56,1045,High Activity
2023-02-19 22:21:56,1048,High Activity
2023-02-19 22:22:56,1052,High Activity
2023-02-19 22:23:56,1040,High Activity
2023-02-19 22:24:56,1087,High Activity
2023-02-19 22:25:56,1055,High Activity
2023-02-19 22:26:56,1129,High Activity
2023-02-19 22:27:56,1099,High Activity
2023-02-19 22:28:56,1092,High Activity
2023-02-19 22:29:56,1058,High Activity
2023-02-19 22:30:56,949,Moderate Activity
2023-02-19 22:31:56,1127,High Activity
2023-02-19 22:32:56,1077,High Activity
2023-02-19 22:33:56,1058,High Activity
2023-02-19 22:34:56,1082,High Activity
2023-02-19 22:35:56,1013,High Activity
2023-02-19 22:36:56,879,Moderate Activity
2023-02-19 22:37:56,944,Moderate Activity
2023-02-19 22:38:56,1132,High Activity
2023-02-19 22:39:56,1094,High Activity
2023-02-19 22:40:56,1058,High Activity
2023-02-19 22:41:56,1049,High Activity
2023-02-19 22:42:56,1110,High Activity
2023-02-19 22:43:56,1350,High Activity
2023-02-19 22:44:56,1341,High Activity
2023-02-19 22:45:56,1337,High Activity
2023-02-19 22:46:56,1349,High Activity
2023-02-19 22:47:56,1334,High Activity
2023-02-19 22:48:56,1342,High Activity
2023-02-19 22:49:56,1335,High Activity
2023-02-19 22:50:56,1332,High Activity
2023-02-19 22:51:56,1314,High Activity
2023-02-19 22:52:56,1330,High Activity
2023-02-19 22:53:56,1322,High Activity
2023-02-19 22:54:56,1272,High Activity
2023-02-19 22:55:56,1326,High Activity
2023-02-19 22:56:56,1332,High Activity
2023-02-19 22:57:56,1320,High Activity
2023-02-19 22:58:56,1317,High Activity
2023-02-19 22:59:56,1331,High Activity
2023-02-19 23:00:56,916,Moderate Activity
2023-02-19 23:01:56,867,Moderate Activity
2023-02-19 23:02:56,969,Moderate Activity
2023-02-19 23:03:56,960,Moderate Activity
2023-02-19 23:04:56,854,Moderate Activity
2023-02-19 23:05:56,993,Moderate Activity
2023-02-19 23:06:56,995,Moderate Activity
2023-02-19 23:07:56,938,Moderate Activity
2023-02-19 23:08:56,858,Moderate Activity
2023-02-19 23:09:56,935,Moderate Activity
2023-02-19 23:10:56,963,Moderate Activity
2023-02-19 23:11:56,936,Moderate Activity
2023-02-19 23:12:56,935,Moderate Activity
2023-02-19 23:13:56,954,Moderate Activity
2023-02-19 23:14:56,745,Moderate Activity
2023-02-19 23:15:56,35,Low Activity
2023-02-19 23:16:56,4,Low Activity
2023-02-19 23:17:56,15,Low Activity
2023-02-19 23:18:56,3,Low Activity
2023-02-19 23:19:56,52,Low Activity
2023-02-19 23:20:56,9,Low Activity
2023-02-19 23:21:56,5,Low Activity
2023-02-19 23:22:56,5,Low Activity
2023-02-19 23:23:56,12,Low Activity
2023-02-19 23:24:56,5,Low Activity
2023-02-19 23:25:56,34,Low Activity
2023-02-19 23:26:56,29,Low Activity
2023-02-19 23:27:56,259,Low Activity
2023-02-19 23:28:56,200,Low Activity
2023-02-19 23:29:56,234,Low Activity
2023-02-19 23:30:56,28,Low Activity
2023-02-19 23:31:56,6,Low Activity
2023-02-19 23:32:56,15,Low Activity
2023-02-19 23:33:56,5,Low Activity
2023-02-19 23:34:56,2,Low Activity
2023-02-19 23:35:56,17,Low Activity
2023-02-19 23:36:56,5,Low Activity
2023-02-19 23:37:56,5,Low Activity
2023-02-19 23:38:56,5,Low Activity
2023-02-19 23:39:56,4,Low Activity
2023-02-19 23:40:56,11,Low Activity
2023-02-19 23:41:56,109,Low Activity
2023-02-19 23:42:56,21,Low Activity
2023-02-19 23:43:56,20,Low Activity
2023-02-19 23:44:56,36,Low Activity
2023-02-19 23:45:56,96,Low Activity
2023-02-19 23:46:56,45,Low Activity
2023-02-19 23:47:56,337,Low Activity
2023-02-19 23:48:56,72,Low Activity
2023-02-19 23:49:56,476,Low Activity
2023-02-19 23:50:56,885,Moderate Activity
2023-02-19 23:51:56,884,Moderate Activity
2023-02-19 23:52:56,905,Moderate Activity
2023-02-19 23:53:56,1005,High Activity
2023-02-19 23:54:56,978,Moderate Activity
2023-02-19 23:55:56,1020,High Activity
2023-02-19 23:56:56,1040,High Activity
2023-02-19 23:57:56,1051,High Activity
2023-02-19 23:58:56,1026,High Activity
2023-02-19 23:59:56,1048,High Activity
2023-02-20 00:00:56,1007,High Activity
2023-02-20 00:01:56,1038,High Activity
2023-02-20 00:02:56,994,Moderate Activity
2023-02-20 00:03:56,1016,High Activity
2023-02-20 00:04:56,1016,High Activity
2023-02-20 00:05:56,993,Moderate Activity
2023-02-20 00:06:56,964,Moderate Activity
2023-02-20 00:07:56,1062,High Activity
2023-02-20 00:08:56,1219,High Activity
2023-02-20 00:09:56,1077,High Activity
2023-02-20 00:10:56,1303,High Activity
2023-02-20 00:11:56,1329,High Activity
2023-02-20 00:12:56,1322,High Activity
2023-02-20 00:13:56,1322,High Activity
2023-02-20 00:14:56,1330,High Activity
2023-02-20 00:15:56,1328,High Activity
2023-02-20 00:16:56,1335,High Activity
2023-02-20 00:17:56,1332,High Activity
2023-02-20 00:18:56,1322,High Activity
2023-02-20 00:19:56,1335,High Activity
2023-02-20 00:20:56,1324,High Activity
2023-02-20 00:21:56,1325,High Activity
2023-02-20 00:22:56,1323,High Activity
2023-02-20 00:23:56,1322,High Activity
2023-02-20 00:24:56,1326,High Activity
2023-02-20 00:25:56,1345,High Activity
2023-02-20 00:26:56,992,Moderate Activity
2023-02-20 00:27:56,598,Moderate Activity
2023-02-20 00:28:56,641,Moderate Activity
2023-02-20 00:29:56,959,Moderate Activity
2023-02-20 00:30:56,970,Moderate Activity
2023-02-20 00:31:56,995,Moderate Activity
2023-02-20 00:32:56,1011,High Activity
2023-02-20 00:33:56,1005,High Activity
2023-02-20 00:34:56,1000,Moderate Activity
2023-02-20 00:35:56,1002,High Activity
2023-02-20 00:36:56,961,Moderate Activity
2023-02-20 00:37:56,970,Moderate Activity
2023-02-20 00:38:56,885,Moderate Activity
2023-02-20 00:39:56,1035,High Activity
2023-02-20 00:40:56,881,Moderate Activity
2023-02-20 00:41:56,1011,High Activity
2023-02-20 00:42:56,992,Moderate Activity
2023-02-20 00:43:56,996,Moderate Activity
2023-02-20 00:44:56,953,Moderate Activity
2023-02-20 00:45:56,980,Moderate Activity
2023-02-20 00:46:56,842,Moderate Activity
2023-02-20 00:47:56,953,Moderate Activity
2023-02-20 00:48:56,934,Moderate Activity
2023-02-20 00:49:56,940,Moderate Activity
2023-02-20 00:50:56,1028,High Activity
2023-02-20 00:51:56,988,Moderate Activity
2023-02-20 00:52:56,952,Moderate Activity
2023-02-20 00:53:56,1001,High Activity
2023-02-20 00:54:56,1004,High Activity
2023-02-20 00:55:56,972,Moderate Activity
2023-02-20 00:56:56,986,Moderate Activity
2023-02-20 00:57:56,958,Moderate Activity
2023-02-20 00:58:56,967,Moderate Activity
2023-02-20 00:59:56,857,Moderate Activity
2023-02-20 01:00:56,942,Moderate Activity
2023-02-20 01:01:56,910,Moderate Activity
2023-02-20 01:02:56,998,Moderate Activity
2023-02-20 01:03:56,940,Moderate Activity
2023-02-20 01:04:56,1100,High Activity
2023-02-20 01:05:56,991,Moderate Activity
2023-02-20 01:06:56,1223,High Activity
2023-02-20 01:07:56,1340,High Activity
2023-02-20 01:08:56,1328,High Activity
2023-02-20 01:09:56,1328,High Activity
2023-02-20 01:10:56,1331,High Activity
2023-02-20 01:11:56,1339,High Activity
2023-02-20 01:12:56,1309,High Activity
2023-02-20 01:13:56,1326,High Activity
2023-02-20 01:14:56,1335,High Activity
2023-02-20 01:15:56,1335,High Activity
2023-02-20 01:16:56,1336,High Activity
2023-02-20 01:17:56,1323,High Activity
2023-02-20 01:18:56,1340,High Activity
2023-02-20 01:19:56,1339,High Activity
2023-02-20 01:20:56,1323,High Activity
2023-02-20 01:21:56,1337,High Activity
2023-02-20 01:22:56,1336,High Activity
2023-02-20 01:23:56,1319,High Activity
2023-02-20 01:24:56,1330,High Activity
2023-02-20 01:25:56,1335,High Activity
2023-02-20 01:26:56,1331,High Activity
2023-02-20 01:27:56,1329,High Activity
2023-02-20 01:28:56,1338,High Activity
2023-02-20 01:29:56,1345,High Activity
2023-02-20 01:30:56,1337,High Activity
2023-02-20 01:31:56,1343,High Activity
2023-02-20 01:32:56,1335,High Activity
2023-02-20 01:33:56,1327,High Activity
2023-02-20 01:34:56,1338,High Activity
2023-02-20 01:35:56,1330,High Activity
2023-02-20 01:36:56,1186,High Activity
2023-02-20 01:37:56,1348,High Activity
2023-02-20 01:38:56,1258,High Activity
2023-02-20 01:39:56,984,Moderate Activity
2023-02-20 01:40:56,982,Moderate Activity
2023-02-20 01:41:56,1049,High Activity
2023-02-20 01:42:56,1030,High Activity
2023-02-20 01:43:56,1034,High Activity
2023-02-20 01:44:56,990,Moderate Activity
2023-02-20 01:45:56,1026,High Activity
2023-02-20 01:46:56,1022,High Activity
2023-02-20 01:47:56,1026,High Activity
2023-02-20 01:48:56,1019,High Activity
2023-02-20 01:49:56,939,Moderate Activity
2023-02-20 01:50:56,988,Moderate Activity
2023-02-20 01:51:56,1006,High Activity
2023-02-20 01:52:56,1017,High Activity
2023-02-20 01:53:56,1038,High Activity
2023-02-20 01:54:56,1007,High Activity
2023-02-20 01:55:56,963,Moderate Activity
2023-02-20 01:56:56,1013,High Activity
2023-02-20 01:57:56,972,Moderate Activity
2023-02-20 01:58:56,935,Moderate Activity
2023-02-20 01:59:56,974,Moderate Activity
2023-02-20 02:00:56,1006,High Activity
2023-02-20 02:01:56,962,Moderate Activity
2023-02-20 02:02:56,985,Moderate Activity
2023-02-20 02:03:56,976,Moderate Activity
2023-02-20 02:04:56,949,Moderate Activity
2023-02-20 02:05:56,953,Moderate Activity
2023-02-20 02:06:56,970,Moderate Activity
2023-02-20 02:07:56,736,Moderate Activity
2023-02-20 02:08:56,970,Moderate Activity
2023-02-20 02:09:56,930,Moderate Activity
2023-02-20 02:10:56,963,Moderate Activity
2023-02-20 02:11:56,973,Moderate Activity
2023-02-20 02:12:56,935,Moderate Activity
2023-02-20 02:13:56,746,Moderate Activity
2023-02-20 02:14:56,978,Moderate Activity
2023-02-20 02:15:56,991,Moderate Activity
2023-02-20 02:16:56,996,Moderate Activity
2023-02-20 02:17:56,922,Moderate Activity
2023-02-20 02:18:56,928,Moderate Activity
2023-02-20 02:19:56,933,Moderate Activity
2023-02-20 02:20:56,898,Moderate Activity
2023-02-20 02:21:56,868,Moderate Activity
2023-02-20 02:22:56,927,Moderate Activity
2023-02-20 02:23:56,950,Moderate Activity
2023-02-20 02:24:56,893,Moderate Activity
2023-02-20 02:25:56,908,Moderate Activity
2023-02-20 02:26:56,923,Moderate Activity
2023-02-20 02:27:56,886,Moderate Activity
2023-02-20 02:28:56,899,Moderate Activity
2023-02-20 02:29:56,916,Moderate Activity
2023-02-20 02:30:56,846,Moderate Activity
2023-02-20 02:31:56,841,Moderate Activity
2023-02-20 02:32:56,911,Moderate Activity
2023-02-20 02:33:56,876,Moderate Activity
2023-02-20 02:34:56,859,Moderate Activity
2023-02-20 02:35:56,908,Moderate Activity
2023-02-20 02:36:56,928,Moderate Activity
2023-02-20 02:37:56,902,Moderate Activity
2023-02-20 02:38:56,686,Moderate Activity
2023-02-20 02:39:56,41,Low Activity
2023-02-20 02:40:56,39,Low Activity
2023-02-20 02:41:56,306,Low Activity
2023-02-20 02:42:56,12,Low Activity
2023-02-20 02:43:56,30,Low Activity
2023-02-20 02:44:56,1,Low Activity
2023-02-20 02:45:56,12,Low Activity
2023-02-20 02:46:56,6,Low Activity
2023-02-20 02:47:56,8,Low Activity
2023-02-20 02:48:56,3,Low Activity
2023-02-20 02:49:56,14,Low Activity
2023-02-20 02:50:56,7,Low Activity
2023-02-20 02:51:56,26,Low Activity
2023-02-20 02:52:56,4,Low Activity
2023-02-20 02:53:56,753,Moderate Activity
2023-02-20 02:54:56,906,Moderate Activity
2023-02-20 02:55:56,965,Moderate Activity
2023-02-20 02:56:56,926,Moderate Activity
2023-02-20 02:57:56,999,Moderate Activity
2023-02-20 02:58:56,892,Moderate Activity
2023-02-20 02:59:56,974,Moderate Activity
2023-02-20 03:00:56,977,Moderate Activity
2023-02-20 03:01:56,967,Moderate Activity
2023-02-20 03:02:56,951,Moderate Activity
2023-02-20 03:03:56,980,Moderate Activity
2023-02-20 03:04:56,956,Moderate Activity
2023-02-20 03:05:56,1010,High Activity
2023-02-20 03:06:56,899,Moderate Activity
2023-02-20 03:07:56,1006,High Activity
2023-02-20 03:08:56,1074,High Activity
2023-02-20 03:09:56,1017,High Activity
2023-02-20 03:10:56,1002,High Activity
2023-02-20 03:11:56,940,Moderate Activity
2023-02-20 03:12:56,977,Moderate Activity
2023-02-20 03:13:56,994,Moderate Activity
2023-02-20 03:14:56,1061,High Activity
2023-02-20 03:15:56,886,Moderate Activity
2023-02-20 03:16:56,975,Moderate Activity
2023-02-20 03:17:56,988,Moderate Activity
2023-02-20 03:18:56,999,Moderate Activity
2023-02-20 03:19:56,996,Moderate Activity
2023-02-20 03:20:56,885,Moderate Activity
2023-02-20 03:21:56,1041,High Activity
2023-02-20 03:22:56,984,Moderate Activity
2023-02-20 03:23:56,953,Moderate Activity
2023-02-20 03:24:56,991,Moderate Activity
2023-02-20 03:25:56,1058,High Activity
2023-02-20 03:26:56,1023,High Activity
2023-02-20 03:27:56,1024,High Activity
2023-02-20 03:28:56,1040,High Activity
2023-02-20 03:29:56,982,Moderate Activity
2023-02-20 03:30:56,1007,High Activity
2023-02-20 03:31:56,1013,High Activity
2023-02-20 03:32:56,1059,High Activity
2023-02-20 03:33:56,1101,High Activity
2023-02-20 03:34:56,860,Moderate Activity
2023-02-20 03:35:56,913,Moderate Activity
2023-02-20 03:36:56,914,Moderate Activity
2023-02-20 03:37:56,956,Moderate Activity
2023-02-20 03:38:56,935,Moderate Activity
2023-02-20 03:39:56,941,Moderate Activity
2023-02-20 03:40:56,904,Moderate Activity
2023-02-20 03:41:56,887,Moderate Activity
2023-02-20 03:42:56,899,Moderate Activity
2023-02-20 03:43:56,961,Moderate Activity
2023-02-20 03:44:56,927,Moderate Activity
2023-02-20 03:45:56,878,Moderate Activity
2023-02-20 03:46:56,823,Moderate Activity
2023-02-20 03:47:56,848,Moderate Activity
2023-02-20 03:48:56,864,Moderate Activity
2023-02-20 03:49:56,846,Moderate Activity
2023-02-20 03:50:56,948,Moderate Activity
2023-02-20 03:51:56,922,Moderate Activity
2023-02-20 03:52:56,935,Moderate Activity
2023-02-20 03:53:56,920,Moderate Activity
2023-02-20 03:54:56,931,Moderate Activity
2023-02-20 03:55:56,962,Moderate Activity
2023-02-20 03:56:56,859,Moderate Activity
2023-02-20 03:57:56,976,Moderate Activity
2023-02-20 03:58:56,948,Moderate Activity
2023-02-20 03:59:56,886,Moderate Activity
2023-02-20 04:00:56,1020,High Activity
2023-02-20 04:01:56,1008,High Activity
2023-02-20 04:02:56,960,Moderate Activity
2023-02-20 04:03:56,862,Moderate Activity
2023-02-20 04:04:56,903,Moderate Activity
2023-02-20 04:05:56,909,Moderate Activity
2023-02-20 04:06:56,883,Moderate Activity
2023-02-20 04:07:56,828,Moderate Activity
2023-02-20 04:08:56,894,Moderate Activity
2023-02-20 04:09:56,866,Moderate Activity
2023-02-20 04:10:56,902,Moderate Activity
2023-02-20 04:11:56,342,Low Activity
2023-02-20 04:12:56,34,Low Activity
2023-02-20 04:13:56,96,Low Activity
2023-02-20 04:14:56,55,Low Activity
2023-02-20 04:15:56,191,Low Activity
2023-02-20 04:16:56,24,Low Activity
2023-02-20 04:17:56,11,Low Activity
2023-02-20 04:18:56,45,Low Activity
2023-02-20 04:19:56,49,Low Activity
2023-02-20 04:20:56,93,Low Activity
2023-02-20 04:21:56,56,Low Activity
2023-02-20 04:22:56,68,Low Activity
2023-02-20 04:23:56,58,Low Activity
2023-02-20 04:24:56,32,Low Activity
2023-02-20 04:25:56,27,Low Activity
2023-02-20 04:26:56,179,Low Activity
2023-02-20 04:27:56,18,Low Activity
2023-02-20 04:28:56,9,Low Activity
2023-02-20 04:29:56,16,Low Activity
2023-02-20 04:30:56,607,Moderate Activity
2023-02-20 04:31:56,1019,High Activity
2023-02-20 04:32:56,1061,High Activity
2023-02-20 04:33:56,1123,High Activity
2023-02-20 04:34:56,1013,High Activity
2023-02-20 04:35:56,1057,High Activity
2023-02-20 04:36:56,955,Moderate Activity
2023-02-20 04:37:56,960,Moderate Activity
2023-02-20 04:38:56,964,Moderate Activity
2023-02-20 04:39:56,971,Moderate Activity
2023-02-20 04:40:56,943,Moderate Activity
2023-02-20 04:41:56,948,Moderate Activity
2023-02-20 04:42:56,899,Moderate Activity
2023-02-20 04:43:56,925,Moderate Activity
2023-02-20 04:44:56,926,Moderate Activity
2023-02-20 04:45:56,906,Moderate Activity
2023-02-20 04:46:56,944,Moderate Activity
2023-02-20 04:47:56,912,Moderate Activity
2023-02-20 04:48:56,875,Moderate Activity
2023-02-20 04:49:56,913,Moderate Activity
2023-02-20 04:50:56,922,Moderate Activity
2023-02-20 04:51:56,912,Moderate Activity
2023-02-20 04:52:56,931,Moderate Activity
2023-02-20 04:53:56,947,Moderate Activity
2023-02-20 04:54:56,974,Moderate Activity
2023-02-20 04:55:56,939,Moderate Activity
2023-02-20 04:56:56,946,Moderate Activity
2023-02-20 04:57:56,837,Moderate Activity
2023-02-20 04:58:56,951,Moderate Activity
2023-02-20 04:59:56,959,Moderate Activity
2023-02-20 05:00:56,948,Moderate Activity
2023-02-20 05:01:56,969,Moderate Activity
2023-02-20 05:02:56,998,Moderate Activity
2023-02-20 05:03:56,949,Moderate Activity
2023-02-20 05:04:56,999,Moderate Activity
2023-02-20 05:05:56,994,Moderate Activity
2023-02-20 05:06:56,1018,High Activity
2023-02-20 05:07:56,1041,High Activity
2023-02-20 05:08:56,993,Moderate Activity
2023-02-20 05:09:56,1253,High Activity
2023-02-20 05:10:56,1104,High Activity
2023-02-20 05:11:56,1328,High Activity
2023-02-20 05:12:56,1319,High Activity
2023-02-20 05:13:56,1320,High Activity
2023-02-20 05:14:56,1329,High Activity
2023-02-20 05:15:56,1336,High Activity
2023-02-20 05:16:56,1340,High Activity
2023-02-20 05:17:56,1336,High Activity
2023-02-20 05:18:56,1331,High Activity
2023-02-20 05:19:56,1330,High Activity
2023-02-20 05:20:56,1319,High Activity
2023-02-20 05:21:56,1345,High Activity
2023-02-20 05:22:56,1343,High Activity
2023-02-20 05:23:56,1343,High Activity
2023-02-20 05:24:56,1333,High Activity
2023-02-20 05:25:56,1342,High Activity
2023-02-20 05:26:56,1345,High Activity
2023-02-20 05:27:56,1345,High Activity
2023-02-20 05:28:56,1343,High Activity
2023-02-20 05:29:56,1339,High Activity
2023-02-20 05:30:56,1341,High Activity
2023-02-20 05:31:56,1334,High Activity
2023-02-20 05:32:56,1330,High Activity
2023-02-20 05:33:56,1346,High Activity
2023-02-20 05:34:56,1344,High Activity
2023-02-20 05:35:56,1351,High Activity
2023-02-20 05:36:56,1349,High Activity
2023-02-20 05:37:56,1328,High Activity
2023-02-20 05:38:56,1322,High Activity
2023-02-20 05:39:56,1315,High Activity
2023-02-20 05:40:56,1286,High Activity
2023-02-20 05:41:56,1293,High Activity
2023-02-20 05:42:56,1336,High Activity
2023-02-20 05:43:56,1109,High Activity
2023-02-20 05:44:56,1309,High Activity
2023-02-20 05:45:56,1330,High Activity
2023-02-20 05:46:56,1329,High Activity
2023-02-20 05:47:56,1333,High Activity
2023-02-20 05:48:56,1350,High Activity
2023-02-20 05:49:56,1338,High Activity
2023-02-20 05:50:56,1254,High Activity
2023-02-20 05:51:56,1209,High Activity
2023-02-20 05:52:56,1343,High Activity
2023-02-20 05:53:56,1259,High Activity
2023-02-20 05:54:56,1292,High Activity
2023-02-20 05:55:56,1341,High Activity
2023-02-20 05:56:56,1247,High Activity
2023-02-20 05:57:56,1137,High Activity
2023-02-20 05:58:56,1305,High Activity
2023-02-20 05:59:56,1342,High Activity
2023-02-20 06:00:56,1347,High Activity
2023-02-20 06:01:56,1346,High Activity
2023-02-20 06:02:56,1352,High Activity
2023-02-20 06:03:56,1348,High Activity
2023-02-20 06:04:56,1351,High Activity
2023-02-20 06:05:56,1350,High Activity
2023-02-20 06:06:56,1351,High Activity
2023-02-20 06:07:56,1346,High Activity
2023-02-20 06:08:56,1344,High Activity
2023-02-20 06:09:56,1350,High Activity
2023-02-20 06:10:56,1352,High Activity
2023-02-20 06:11:56,1315,High Activity
2023-02-20 06:12:56,1307,High Activity
2023-02-20 06:13:56,1333,High Activity
2023-02-20 06:14:56,1337,High Activity
2023-02-20 06:15:56,1352,High Activity
2023-02-20 06:16:56,1285,High Activity
2023-02-20 06:17:56,1348,High Activity
2023-02-20 06:18:56,1353,High Activity
2023-02-20 06:19:56,1353,High Activity
2023-02-20 06:20:56,1352,High Activity
2023-02-20 06:21:56,1220,High Activity
2023-02-20 06:22:56,1353,High Activity
2023-02-20 06:23:56,1097,High Activity
2023-02-20 06:24:56,1352,High Activity
2023-02-20 06:25:56,1353,High Activity
2023-02-20 06:26:56,1353,High Activity
2023-02-20 06:27:56,1354,High Activity
2023-02-20 06:28:56,1351,High Activity
2023-02-20 06:29:56,1343,High Activity
2023-02-20 06:30:56,1340,High Activity
2023-02-20 06:31:56,1339,High Activity
2023-02-20 06:32:56,1346,High Activity
2023-02-20 06:33:56,1332,High Activity
2023-02-20 06:34:56,1348,High Activity
2023-02-20 06:35:56,1304,High Activity
2023-02-20 06:36:56,1349,High Activity
2023-02-20 06:37:56,1346,High Activity
2023-02-20 06:38:56,1347,High Activity
2023-02-20 06:39:56,1345,High Activity
2023-02-20 06:40:56,1343,High Activity
2023-02-20 06:41:56,1340,High Activity
2023-02-20 06:42:56,1343,High Activity
2023-02-20 06:43:56,1346,High Activity
2023-02-20 06:44:56,1347,High Activity
2023-02-20 06:45:56,1345,High Activity
2023-02-20 06:46:56,1342,High Activity
2023-02-20 06:47:56,1343,High Activity
2023-02-20 06:48:56,1346,High Activity
2023-02-20 06:49:56,1347,High Activity
2023-02-20 06:50:56,1343,High Activity
2023-02-20 06:51:56,1340,High Activity
2023-02-20 06:52:56,1333,High Activity
2023-02-20 06:53:56,1348,High Activity
2023-02-20 06:54:56,1334,High Activity
2023-02-20 06:55:56,1342,High Activity
2023-02-20 06:56:56,1350,High Activity
2023-02-20 06:57:56,1346,High Activity
2023-02-20 06:58:56,1347,High Activity
2023-02-20 06:59:56,1351,High Activity
2023-02-20 07:00:56,1347,High Activity
2023-02-20 07:01:56,1343,High Activity
2023-02-20 07:02:56,1358,High Activity
2023-02-20 07:03:56,1245,High Activity
2023-02-20 07:04:56,1286,High Activity
2023-02-20 07:05:56,1345,High Activity
2023-02-20 07:06:56,1297,High Activity
2023-02-20 07:07:56,1237,High Activity
2023-02-20 07:08:56,1359,High Activity
2023-02-20 07:09:56,1354,High Activity
2023-02-20 07:10:56,1357,High Activity
2023-02-20 07:11:56,1355,High Activity
2023-02-20 07:12:56,1344,High Activity
2023-02-20 07:13:56,1342,High Activity
2023-02-20 07:14:56,1342,High Activity
2023-02-20 07:15:56,1352,High Activity
2023-02-20 07:16:56,1343,High Activity
2023-02-20 07:17:56,1339,High Activity
2023-02-20 07:18:56,1347,High Activity
2023-02-20 07:19:56,1352,High Activity
2023-02-20 07:20:56,1336,High Activity
2023-02-20 07:21:56,1344,High Activity
2023-02-20 07:22:56,1352,High Activity
2023-02-20 07:23:56,1351,High Activity
2023-02-20 07:24:56,1349,High Activity
2023-02-20 07:25:56,1351,High Activity
2023-02-20 07:26:56,1360,High Activity
2023-02-20 07:27:56,1359,High Activity
2023-02-20 07:28:56,1348,High Activity
2023-02-20 07:29:56,1344,High Activity
2023-02-20 07:30:56,1355,High Activity
2023-02-20 07:31:56,1336,High Activity
2023-02-20 07:32:56,1352,High Activity
2023-02-20 07:33:56,1351,High Activity
2023-02-20 07:34:56,1353,High Activity
2023-02-20 07:35:56,1353,High Activity
2023-02-20 07:36:56,1357,High Activity
2023-02-20 07:37:56,1348,High Activity
2023-02-20 07:38:56,1348,High Activity
2023-02-20 07:39:56,1354,High Activity
2023-02-20 07:40:56,1349,High Activity
2023-02-20 07:41:56,1348,High Activity
2023-02-20 07:42:56,1332,High Activity
2023-02-20 07:43:56,1348,High Activity
2023-02-20 07:44:56,1143,High Activity
2023-02-20 07:45:56,116,Low Activity
2023-02-20 07:46:56,91,Low Activity
2023-02-20 07:47:56,152,Low Activity
2023-02-20 07:48:56,71,Low Activity
2023-02-20 07:49:56,297,Low Activity
2023-02-20 07:50:56,127,Low Activity
2023-02-20 07:51:56,27,Low Activity
2023-02-20 07:52:56,25,Low Activity
2023-02-20 07:53:56,261,Low Activity
2023-02-20 07:54:56,108,Low Activity
2023-02-20 07:55:56,109,Low Activity
2023-02-20 07:56:56,43,Low Activity
2023-02-20 07:57:56,94,Low Activity
2023-02-20 07:58:56,103,Low Activity
2023-02-20 07:59:56,169,Low Activity
2023-02-20 08:00:56,798,Moderate Activity
2023-02-20 08:01:56,984,Moderate Activity
2023-02-20 08:02:56,1033,High Activity
2023-02-20 08:03:56,1006,High Activity
2023-02-20 08:04:56,1007,High Activity
2023-02-20 08:05:56,987,Moderate Activity
2023-02-20 08:06:56,698,Moderate Activity
2023-02-20 08:07:56,981,Moderate Activity
2023-02-20 08:08:56,987,Moderate Activity
2023-02-20 08:09:56,1020,High Activity
2023-02-20 08:10:56,898,Moderate Activity
2023-02-20 08:11:56,777,Moderate Activity
2023-02-20 08:12:56,675,Moderate Activity
2023-02-20 08:13:56,1028,High Activity
2023-02-20 08:14:56,924,Moderate Activity
2023-02-20 08:15:56,944,Moderate Activity
2023-02-20 08:16:56,974,Moderate Activity
2023-02-20 08:17:56,998,Moderate Activity
2023-02-20 08:18:56,734,Moderate Activity
2023-02-20 08:19:56,934,Moderate Activity
2023-02-20 08:20:56,983,Moderate Activity
2023-02-20 08:21:56,1011,High Activity
2023-02-20 08:22:56,958,Moderate Activity
2023-02-20 08:23:56,955,Moderate Activity
2023-02-20 08:24:56,1004,High Activity
2023-02-20 08:25:56,1018,High Activity
2023-02-20 08:26:56,914,Moderate Activity
2023-02-20 08:27:56,953,Moderate Activity
2023-02-20 08:28:56,961,Moderate Activity
2023-02-20 08:29:56,972,Moderate Activity
2023-02-20 08:30:56,1000,Moderate Activity
2023-02-20 08:31:56,1005,High Activity
2023-02-20 08:32:56,890,Moderate Activity
2023-02-20 08:33:56,858,Moderate Activity
2023-02-20 08:34:56,773,Moderate Activity
2023-02-20 08:35:56,65,Low Activity
2023-02-20 08:36:56,9,Low Activity
2023-02-20 08:37:56,87,Low Activity
2023-02-20 08:38:56,6,Low Activity
2023-02-20 08:39:56,18,Low Activity
2023-02-20 08:40:56,8,Low Activity
2023-02-20 08:41:56,157,Low Activity
2023-02-20 08:42:56,539,Moderate Activity
2023-02-20 08:43:56,420,Low Activity
